hsa_protein_ID,pssm_0,pssm_1,pssm_2,pssm_3,pssm_4,pssm_5,pssm_6,pssm_7,pssm_8,pssm_9,pssm_10,pssm_11,pssm_12,pssm_13,pssm_14,pssm_15,pssm_16,pssm_17,pssm_18,pssm_19,pssm_20,pssm_21,pssm_22,pssm_23,pssm_24,pssm_25,pssm_26,pssm_27,pssm_28,pssm_29,pssm_30,pssm_31,pssm_32,pssm_33,pssm_34,pssm_35,pssm_36,pssm_37,pssm_38,pssm_39,pssm_40,pssm_41,pssm_42,pssm_43,pssm_44,pssm_45,pssm_46,pssm_47,pssm_48,pssm_49,pssm_50,pssm_51,pssm_52,pssm_53,pssm_54,pssm_55,pssm_56,pssm_57,pssm_58,pssm_59,pssm_60,pssm_61,pssm_62,pssm_63,pssm_64,pssm_65,pssm_66,pssm_67,pssm_68,pssm_69,pssm_70,pssm_71,pssm_72,pssm_73,pssm_74,pssm_75,pssm_76,pssm_77,pssm_78,pssm_79,pssm_80,pssm_81,pssm_82,pssm_83,pssm_84,pssm_85,pssm_86,pssm_87,pssm_88,pssm_89,pssm_90,pssm_91,pssm_92,pssm_93,pssm_94,pssm_95,pssm_96,pssm_97,pssm_98,pssm_99,pssm_100,pssm_101,pssm_102,pssm_103,pssm_104,pssm_105,pssm_106,pssm_107,pssm_108,pssm_109,pssm_110,pssm_111,pssm_112,pssm_113,pssm_114,pssm_115,pssm_116,pssm_117,pssm_118,pssm_119,pssm_120,pssm_121,pssm_122,pssm_123,pssm_124,pssm_125,pssm_126,pssm_127,pssm_128,pssm_129,pssm_130,pssm_131,pssm_132,pssm_133,pssm_134,pssm_135,pssm_136,pssm_137,pssm_138,pssm_139,pssm_140,pssm_141,pssm_142,pssm_143,pssm_144,pssm_145,pssm_146,pssm_147,pssm_148,pssm_149,pssm_150,pssm_151,pssm_152,pssm_153,pssm_154,pssm_155,pssm_156,pssm_157,pssm_158,pssm_159,pssm_160,pssm_161,pssm_162,pssm_163,pssm_164,pssm_165,pssm_166,pssm_167,pssm_168,pssm_169,pssm_170,pssm_171,pssm_172,pssm_173,pssm_174,pssm_175,pssm_176,pssm_177,pssm_178,pssm_179,pssm_180,pssm_181,pssm_182,pssm_183,pssm_184,pssm_185,pssm_186,pssm_187,pssm_188,pssm_189,pssm_190,pssm_191,pssm_192,pssm_193,pssm_194,pssm_195,pssm_196,pssm_197,pssm_198,pssm_199,pssm_200,pssm_201,pssm_202,pssm_203,pssm_204,pssm_205,pssm_206,pssm_207,pssm_208,pssm_209,pssm_210,pssm_211,pssm_212,pssm_213,pssm_214,pssm_215,pssm_216,pssm_217,pssm_218,pssm_219
190,0.374736385,0.382982593,0.382804814,0.349378962,0.331372522,0.43281002799999996,0.39529385899999997,0.291490474,0.388600481,0.333676923,0.36241411700000004,0.392770699,0.438851106,0.318264598,0.34134752,0.46528303600000004,0.388703522,0.170762827,0.304907843,0.33812491299999997,0.112262382,0.193037572,0.15939379,0.16992490600000001,0.219244713,0.178412443,0.181801291,0.164999697,0.200310455,0.172794731,0.18326201,0.16408971,0.174359956,0.170829129,0.164609513,0.137237335,0.11575021099999999,0.12437285699999999,0.156600726,0.146827072,0.135006787,0.20695918300000002,0.167995352,0.195158086,0.205107576,0.17903293399999998,0.19146820899999997,0.163953756,0.21983035399999998,0.199712298,0.208392379,0.17551946699999998,0.17785797899999997,0.187510751,0.173692951,0.155112781,0.10900895,0.142056935,0.146062942,0.172784661,0.11712330900000001,0.191149386,0.15021436400000002,0.16916770600000003,0.205970625,0.172456275,0.161187752,0.147145029,0.199296611,0.158432651,0.186481393,0.150252386,0.164245211,0.155096898,0.15578191800000002,0.13321529699999998,0.105097821,0.137026006,0.153545764,0.134859079,0.124804115,0.181869835,0.16355645300000002,0.175700944,0.196226631,0.150276866,0.16390416900000002,0.15911373199999998,0.194199134,0.17833907899999998,0.20027256300000001,0.140571743,0.186861974,0.164030821,0.17635061,0.126450557,0.10889043300000001,0.131436721,0.16183286800000002,0.15551694,0.129969004,0.17764032600000002,0.165889553,0.177209573,0.22496496,0.18415207100000003,0.184041362,0.150585472,0.20472897,0.181128641,0.198290895,0.174543489,0.175597117,0.17405098300000002,0.17928681600000002,0.14855125,0.119526472,0.137057207,0.158507014,0.159947486,0.11197577800000001,0.19767169399999998,0.157964954,0.184126166,0.217604598,0.176719695,0.16598655,0.176591263,0.21306292899999998,0.18527834899999998,0.212285461,0.175103399,0.17885948,0.177908327,0.17870930399999999,0.142563606,0.10607437800000001,0.136641326,0.178089605,0.143383459,0.118101855,0.17873605399999998,0.165040021,0.18118545,0.213633937,0.173800652,0.159548752,0.1688683,0.20066354100000003,0.18495082399999999,0.208542917,0.15116917800000002,0.193339504,0.185205998,0.180607564,0.150756125,0.121843526,0.145312005,0.15492473699999998,0.153080737,0.115322009,0.203645839,0.160147247,0.17345644899999998,0.21191203,0.18187691,0.18336725399999998,0.156574574,0.19658186800000002,0.181668942,0.20080346,0.179557811,0.180150645,0.181256234,0.180737282,0.145167734,0.11012319599999999,0.15141848800000002,0.166386866,0.15768162800000002,0.10748335199999999,0.190990826,0.153594688,0.17508682600000003,0.225686518,0.176858393,0.178993294,0.15940647800000002,0.19918028399999999,0.18687321899999998,0.221601167,0.168776695,0.192708467,0.18236254899999998,0.19108294,0.145509971,0.115752508,0.144411506,0.16680051,0.153674056,0.12702292699999998,0.20383319,0.157392891,0.185614373,0.21274108100000003,0.179157061,0.182518811,0.171586972,0.21040055300000002,0.20458146800000002,0.229671815,0.170496973,0.190059683,0.17489981300000002,0.19589698,0.148385685,0.11935909900000001,0.131189811,0.155799175,0.170004618
2099,0.39679250899999996,0.35291712799999997,0.39321339899999996,0.34234582799999996,0.30422941,0.476269211,0.38736826700000004,0.317802645,0.423013691,0.31723196600000003,0.335570572,0.36110383700000004,0.43931904299999996,0.30127757899999996,0.486599606,0.551679857,0.441169993,0.169460405,0.334241954,0.31165786100000004,0.107103431,0.152041412,0.153860795,0.160837739,0.185739717,0.16974169,0.144900664,0.124541174,0.217896693,0.161436824,0.164504928,0.146554553,0.18679702399999998,0.165735115,0.14680763800000002,0.11296908900000001,0.112696954,0.159656739,0.164299102,0.132133625,0.130327,0.156491106,0.166279959,0.16941648399999998,0.19086185600000002,0.168388984,0.169829308,0.131224285,0.20539835899999997,0.176706947,0.180263817,0.160687519,0.186397924,0.171046633,0.142451136,0.122284419,0.111983007,0.15193230800000002,0.16649619300000001,0.145892876,0.12436221800000001,0.148533578,0.144098537,0.150988453,0.189901882,0.155202867,0.14301914,0.126008194,0.177713133,0.14953982300000002,0.165386075,0.12900921,0.18249930600000003,0.155352187,0.14968619,0.10751755,0.11722605,0.156417988,0.167245746,0.125994774,0.12519332800000002,0.156620363,0.165988785,0.15493485099999998,0.200084215,0.158694606,0.149330669,0.13741561800000002,0.22395146300000002,0.15589184,0.173154776,0.130983351,0.18094455,0.164485664,0.1492927,0.113474135,0.109852798,0.165584561,0.189888211,0.13385781900000002,0.120831515,0.145603368,0.169481215,0.179739982,0.199906864,0.169340932,0.17367379,0.137006832,0.196294843,0.17476065,0.17333746,0.156359411,0.182167932,0.15864267599999998,0.156452706,0.128126791,0.116028975,0.151545461,0.17969560199999998,0.140458331,0.11415952900000001,0.163256479,0.15630380800000002,0.170674202,0.20623829300000002,0.162720646,0.165350621,0.141588987,0.22067295,0.167252365,0.17671237399999998,0.154400334,0.194369342,0.15510786599999998,0.153912245,0.114072916,0.112239219,0.17275864100000002,0.18987489899999999,0.131017891,0.11791418099999999,0.144659671,0.166984394,0.164334957,0.192715854,0.162571014,0.137645858,0.141937213,0.201785055,0.156275565,0.16502346,0.136147469,0.18688001399999998,0.16811226,0.161438265,0.120484896,0.12205785300000001,0.149152587,0.16744436699999998,0.12321871300000001,0.118088048,0.157170618,0.160074645,0.159814669,0.191322136,0.168858832,0.165913318,0.138218712,0.224944554,0.16528749,0.162317819,0.145243494,0.18545440800000002,0.172070063,0.16615285400000002,0.11606962,0.11222777699999999,0.16670609,0.175315174,0.130600348,0.123654187,0.156894264,0.16032137400000002,0.17140101800000002,0.196933133,0.17889000100000002,0.173829535,0.131338664,0.22872391399999997,0.164495895,0.16688889,0.160783117,0.18134783699999998,0.16989999100000003,0.161116781,0.127057729,0.12099159,0.16720284900000001,0.17965186600000002,0.133258335,0.11903256400000001,0.155829541,0.161237571,0.17592205600000002,0.19299908600000001,0.157947323,0.157778523,0.139005664,0.209176315,0.168003197,0.17876538399999997,0.14003756,0.195204021,0.161954232,0.17596125399999998,0.129200011,0.123818927,0.16335053900000002,0.17008054600000003,0.136103901
2100,0.39534497799999996,0.363172128,0.40181628,0.341970479,0.320534732,0.47584256799999997,0.378808725,0.30650769699999997,0.42826510799999995,0.314692648,0.338315297,0.370053943,0.451334325,0.31343424,0.459970072,0.539371032,0.43432221200000004,0.17931492300000001,0.33114009,0.32343548899999996,0.108258939,0.149133745,0.15244449599999998,0.165274013,0.19974654600000002,0.166610062,0.160012753,0.120145125,0.20310952699999998,0.16585715,0.165221565,0.151989295,0.190459842,0.167519588,0.15084882900000002,0.121869713,0.12035413800000001,0.16223701599999998,0.161837447,0.142532361,0.125432245,0.16852721399999998,0.16815345199999998,0.17661681399999998,0.220163793,0.172576998,0.17727949699999998,0.135075568,0.189477284,0.181587122,0.175650191,0.17543769,0.19177073100000003,0.17763618,0.151298841,0.122727791,0.10549784400000001,0.17007104,0.16404435,0.160429605,0.11793913,0.142430878,0.15199609,0.158947743,0.20959792,0.150364882,0.148760282,0.131470501,0.169410918,0.150801819,0.15799686,0.139742729,0.17708249,0.163447589,0.14317364800000001,0.11723541900000001,0.10857123199999999,0.17457790199999998,0.176741062,0.127256751,0.12164378099999999,0.15398136699999998,0.16789954899999998,0.161985735,0.21936197100000002,0.159072216,0.14341378400000002,0.13682318300000001,0.20536500800000002,0.158721581,0.170571103,0.133206448,0.18784151300000002,0.17438274,0.162288231,0.11683250699999999,0.11226287199999999,0.17675758800000002,0.19080154800000002,0.13987312400000002,0.117658986,0.151022457,0.16922780399999998,0.18214720399999998,0.220270049,0.172504144,0.17254495399999997,0.135638769,0.199232546,0.16826560399999999,0.16967707899999998,0.15946032300000001,0.182634706,0.158335365,0.160357482,0.129743941,0.11746337300000001,0.158972628,0.171458516,0.147268229,0.111806827,0.165721316,0.15923612199999998,0.17293614,0.22870927600000002,0.166260982,0.164088709,0.14457054,0.193454961,0.166328518,0.17421436899999998,0.165070584,0.180831605,0.154404585,0.147543447,0.111283975,0.10463318099999999,0.167715005,0.18642451,0.13266555,0.120061432,0.141446821,0.159877614,0.162017975,0.202719669,0.153200998,0.13839833599999998,0.136121789,0.19442425,0.14387702900000002,0.154622542,0.147636544,0.188898204,0.1658983,0.159011239,0.126953178,0.11252341,0.157800484,0.17090388899999998,0.125259561,0.116641815,0.16238535099999998,0.157424344,0.162946785,0.20935418,0.162316388,0.168493245,0.12869761300000002,0.20647507699999998,0.164446537,0.163882535,0.152985443,0.19670369199999999,0.18126821399999998,0.149435607,0.116786524,0.106721401,0.171493945,0.17854566,0.146348708,0.118496033,0.16426259099999999,0.167598868,0.17468883600000001,0.217699272,0.179765048,0.182141412,0.121686338,0.211670081,0.165447675,0.165846207,0.167068519,0.18514224,0.173466182,0.166795845,0.133555321,0.111826417,0.17509428600000002,0.18762747100000002,0.139414438,0.113252072,0.14616389800000001,0.162145555,0.178414183,0.21075332600000002,0.164705204,0.159944895,0.12667629,0.208440365,0.17209520000000003,0.17826901399999998,0.14425652,0.188321916,0.18147469100000002,0.18199744699999998,0.130576423,0.114502172,0.15917629,0.175644031,0.139996648
2101,0.34954432799999996,0.38205861700000004,0.391034923,0.349905896,0.33510960100000003,0.458861336,0.39016013200000005,0.264012193,0.418905025,0.3397922,0.350492935,0.388247545,0.45134199799999997,0.323566708,0.363051445,0.494959064,0.393162914,0.195103477,0.310629855,0.32371645600000004,0.11572502300000001,0.19085893399999998,0.17097445100000003,0.20046113,0.20469583,0.176464452,0.175131416,0.123842885,0.220873885,0.19113146,0.180342704,0.182346755,0.198663024,0.18594409,0.153136394,0.137194981,0.114812309,0.16282875,0.15381225699999998,0.154609756,0.143328761,0.207216763,0.19066263100000003,0.20774669199999998,0.21980147100000003,0.188083415,0.20807071600000002,0.140100542,0.221216544,0.22597128800000002,0.20070005,0.20502365399999997,0.202934575,0.206817151,0.15846833,0.15053945800000001,0.11653286800000001,0.16889559899999998,0.159009125,0.18063009300000002,0.136915245,0.183584997,0.15955845800000001,0.18820689899999998,0.219773338,0.16288196900000002,0.17159876899999998,0.135520195,0.180294827,0.17044961100000003,0.17905801100000002,0.16842734399999998,0.20352304100000002,0.172691528,0.162188659,0.127263781,0.11434013300000001,0.162677494,0.172952357,0.145313217,0.13014062099999998,0.187582473,0.18460591,0.18323641,0.213681717,0.16476326300000002,0.166637381,0.137958365,0.22401551100000003,0.175519252,0.189347403,0.163690725,0.201995077,0.19842690600000001,0.167686418,0.130943264,0.12195135,0.184778301,0.175341257,0.157764842,0.138450825,0.182596957,0.201508838,0.215028505,0.225914537,0.18799696100000002,0.198905319,0.143260706,0.215978213,0.200451223,0.19503418399999997,0.19338051399999998,0.201573778,0.187228203,0.169501051,0.153027763,0.122029778,0.172850623,0.180773082,0.167812844,0.124114495,0.204436516,0.185295614,0.20636678600000002,0.22182422100000002,0.18229706199999998,0.17631085300000002,0.146028607,0.199703773,0.19867553300000002,0.19311114199999999,0.196977448,0.19559533199999998,0.187878877,0.160084703,0.134785064,0.10271841,0.181729211,0.182103122,0.148923679,0.128004153,0.173846677,0.18647541399999998,0.191334117,0.208842845,0.16914442,0.155421405,0.13893478,0.214430268,0.17806875600000002,0.170475842,0.17762679899999997,0.19179642,0.19747288899999998,0.169616131,0.145007777,0.119747439,0.180298309,0.168224364,0.136627257,0.126029112,0.198340445,0.18304982399999997,0.18699353600000002,0.209475463,0.168765553,0.18903462399999998,0.13660230199999998,0.23046612,0.17702141600000001,0.176325605,0.18699402199999998,0.18777375300000002,0.207439707,0.182502356,0.138369038,0.115127711,0.174373682,0.18551500899999998,0.14834007800000001,0.131873291,0.200067949,0.185343025,0.209386175,0.21899874600000002,0.193181573,0.20440557199999998,0.130174029,0.22225435899999998,0.190193852,0.198423152,0.19739056800000002,0.221485824,0.193182398,0.188895389,0.14544463800000001,0.11803936699999999,0.17398619699999998,0.181109623,0.151579499,0.132909392,0.193956458,0.192164668,0.211697251,0.20909230199999998,0.192120602,0.185640799,0.139245913,0.22088801600000002,0.210417575,0.194431259,0.186546973,0.215351233,0.204059634,0.19863060899999999,0.14985121,0.113522695,0.17930442,0.17966589800000002,0.171529033
2103,0.368982175,0.371669322,0.395486014,0.356698196,0.321767884,0.470457567,0.393839045,0.291298884,0.428700863,0.31055538899999996,0.34734618700000003,0.36928449799999996,0.44787665200000004,0.307875299,0.42205538600000003,0.533334006,0.41158127899999997,0.176455605,0.301419278,0.313148915,0.116044988,0.163406891,0.161995138,0.184769293,0.198013524,0.173974842,0.15973917599999998,0.144236022,0.208914093,0.164653633,0.18011369600000002,0.154603866,0.199453367,0.169292458,0.15286239199999999,0.131115589,0.114030669,0.156178378,0.159576009,0.146737721,0.132217571,0.17695128300000001,0.16981896800000001,0.200404566,0.21392882,0.182670072,0.185907588,0.153095277,0.207570418,0.19679133699999998,0.188125205,0.17243398699999998,0.18743215100000002,0.17750577899999997,0.168311908,0.134638315,0.111495904,0.164820721,0.154490887,0.16741582900000002,0.12124062599999999,0.16082960400000001,0.156501249,0.17291425300000002,0.208946419,0.16189937599999998,0.155711581,0.14219194300000002,0.174326578,0.151755673,0.172821322,0.136329685,0.19818635,0.161446647,0.158806396,0.11803013300000001,0.117888786,0.149362742,0.153519485,0.126136227,0.124276366,0.164151511,0.179898167,0.175136593,0.214997267,0.15427923,0.15848156900000002,0.159963313,0.208113453,0.164084962,0.18840871399999998,0.138275118,0.20177690399999998,0.180264232,0.164756064,0.12747459,0.120485058,0.155946602,0.166209369,0.14728023199999998,0.126219991,0.165288044,0.17288268899999998,0.199720502,0.21238290199999998,0.18322108,0.18638200800000002,0.156277527,0.199734618,0.175300263,0.17871125,0.157810506,0.204686162,0.174418175,0.163086011,0.146684838,0.124537416,0.156955055,0.165020914,0.15471555,0.11668163599999999,0.173769153,0.17357258,0.19911713600000003,0.21773978300000002,0.180613373,0.16965466899999998,0.156366352,0.20049514699999998,0.174839788,0.187854981,0.15961308400000002,0.19585618800000001,0.173008109,0.163196801,0.12939304,0.111408596,0.160644146,0.186086053,0.138425304,0.123649671,0.15819793199999999,0.172720493,0.187225235,0.203041747,0.17052061300000002,0.146771708,0.166899835,0.20211906,0.160083655,0.181219925,0.14458764300000002,0.21455018,0.180615857,0.161903439,0.13406610800000002,0.117447057,0.162764021,0.15774338,0.137250258,0.121288906,0.16867642800000002,0.169956677,0.182733955,0.198967084,0.17880585899999998,0.182522639,0.154761817,0.20466236100000001,0.163501683,0.176272555,0.160702875,0.206907394,0.187375598,0.171565133,0.136938087,0.115036074,0.161934846,0.16617621900000001,0.14493383699999998,0.126192031,0.166665332,0.175550295,0.20294979600000002,0.223560187,0.17559382,0.183810625,0.14468025,0.219475332,0.162974797,0.186824255,0.164923991,0.211309616,0.17593499199999998,0.176099433,0.140578772,0.12070318699999999,0.15859078699999998,0.17247577600000003,0.139131181,0.12727101,0.167565699,0.164093874,0.199268959,0.19861284899999998,0.177190795,0.172945154,0.148696297,0.197200761,0.18127892199999998,0.190910448,0.152068352,0.203750248,0.177666771,0.188134335,0.140512571,0.12157610599999999,0.161069872,0.17281728699999999,0.152915146
2104,0.36331273299999994,0.362084342,0.383611169,0.330762644,0.32739074,0.45525493,0.37030154200000004,0.280087376,0.42523740200000004,0.323948083,0.343268581,0.36507302700000005,0.455302618,0.324040545,0.394788501,0.5107655879999999,0.40156624,0.177210635,0.331250331,0.319994753,0.107481491,0.1706042,0.161954848,0.195756755,0.201538049,0.180662625,0.167334446,0.12783629400000002,0.21222709399999998,0.18647398399999998,0.18478160600000001,0.17389673600000002,0.20158359,0.19354990800000002,0.15047827800000002,0.14802316199999999,0.126095845,0.146591746,0.173570455,0.153381771,0.139603916,0.19075164100000003,0.1886964,0.214791875,0.225929165,0.184640448,0.19059010199999998,0.14238305199999998,0.212003104,0.214266421,0.197336877,0.18884797899999997,0.20644948800000001,0.203463162,0.15429687,0.14854471,0.120457425,0.176422145,0.16516910199999998,0.17981471899999998,0.12125539199999999,0.16729239,0.16279338,0.189217247,0.220178426,0.16533562699999999,0.15985685800000002,0.136594427,0.193415172,0.179229319,0.170390748,0.15485904,0.195487892,0.174275624,0.15027432,0.12556925900000002,0.11987833,0.158557922,0.168954112,0.141890465,0.123237847,0.165996835,0.17867864600000002,0.186968739,0.222055504,0.160292206,0.161531869,0.139676826,0.20891552600000002,0.17858808699999998,0.18766633600000002,0.154249842,0.212317161,0.19555348399999997,0.159266968,0.13954412900000002,0.133714687,0.16200838,0.182366052,0.16191534300000002,0.131837885,0.176436937,0.18482391,0.20719538399999998,0.21968885300000002,0.179111674,0.187631827,0.144485774,0.21555707,0.196872235,0.192174175,0.18874726100000003,0.213992739,0.18403058,0.165687889,0.153305006,0.129631145,0.15450713300000002,0.190171478,0.158401448,0.120440586,0.17759029399999998,0.18059606399999997,0.205190725,0.23333673600000002,0.18223913100000003,0.18022646899999997,0.13544598,0.218548885,0.191133955,0.18584021899999997,0.181316218,0.206865336,0.182775823,0.157038541,0.147332136,0.10860868,0.174129452,0.20469345100000003,0.145117075,0.124103521,0.16409606699999998,0.174160466,0.19159211,0.215124448,0.173886557,0.147681442,0.147741087,0.21069266,0.168164001,0.168273521,0.163647866,0.21181066899999998,0.193057698,0.15678432,0.150506842,0.12929638599999999,0.16679376,0.171119629,0.139033707,0.123602023,0.181128436,0.177968314,0.183042848,0.216087791,0.166878305,0.178893518,0.139803234,0.22045151100000002,0.178234007,0.175166656,0.174995254,0.20225146,0.212238525,0.164856055,0.141808742,0.115546081,0.157501619,0.19141719199999999,0.151901643,0.12143396,0.17646335300000002,0.17809159100000002,0.213073298,0.226190439,0.18227365199999998,0.181857142,0.134564694,0.226678867,0.185436669,0.19251407199999998,0.18818593399999997,0.22231357300000001,0.193872245,0.17484889899999997,0.159196472,0.128621874,0.163668471,0.18713851899999998,0.153407577,0.132239425,0.17698678,0.17645298,0.21669859600000002,0.208022035,0.17569581899999998,0.180216023,0.13853569400000001,0.21110760399999998,0.204036783,0.196600776,0.171135576,0.224157102,0.202741143,0.18856976600000003,0.15039122,0.128745518,0.179159292,0.205969458,0.170190137
2908,0.420644818,0.349267503,0.383640606,0.346401244,0.275597403,0.49074281700000005,0.39967978200000004,0.32918814399999996,0.409131736,0.292454471,0.31601982100000003,0.376035047,0.394470439,0.289062864,0.53917481,0.58735816,0.489381167,0.155633183,0.289239859,0.322851725,0.09788640800000001,0.134972945,0.137487979,0.162810354,0.16644802,0.153003524,0.148585941,0.134695505,0.187546355,0.15251278699999998,0.15705798,0.14051681300000002,0.17149398100000002,0.161730005,0.14518410699999998,0.111252741,0.106142189,0.128826318,0.138132495,0.138228564,0.11139493800000001,0.152857424,0.146388612,0.17374987,0.17832443899999997,0.170901429,0.168402825,0.14392846199999998,0.186006587,0.168712668,0.165743907,0.147606945,0.155625244,0.168884402,0.155898665,0.116805375,0.10383941199999999,0.133636685,0.147785597,0.15066464,0.10993755,0.136303801,0.134200336,0.159744561,0.17652469199999998,0.159418132,0.146578858,0.148733773,0.175415978,0.145913312,0.155532681,0.13572941800000002,0.158963553,0.145483859,0.149180003,0.10725715599999999,0.100970152,0.128500475,0.157320815,0.139293349,0.109213954,0.140526215,0.150601865,0.15896904,0.16422669199999998,0.16662764300000002,0.14957155800000002,0.144190789,0.183730248,0.150576106,0.160417317,0.125558014,0.162138676,0.159269138,0.160299684,0.111442476,0.10670245699999999,0.133521368,0.153277697,0.141124959,0.10765861800000001,0.13785578199999998,0.152487972,0.17736204,0.17119598800000002,0.161499541,0.16487094800000002,0.148773305,0.186924767,0.159496398,0.166213382,0.146736117,0.159553486,0.163472765,0.156899277,0.11993187,0.105315053,0.12292045800000001,0.14628188,0.141307269,0.100717555,0.141287902,0.149681042,0.169140189,0.181907288,0.160662859,0.151706345,0.143689715,0.184668432,0.15901728199999998,0.163283092,0.149575865,0.16445770099999998,0.166538394,0.153750608,0.115091036,0.09672073699999999,0.131850784,0.157110029,0.137518626,0.10430358199999999,0.133560214,0.147485743,0.16249133699999999,0.166420813,0.164870877,0.148068215,0.14445625,0.19339279199999998,0.14398849,0.145246571,0.137464584,0.16066843,0.160213067,0.159963074,0.11896786599999999,0.10636406300000001,0.127054497,0.13779221,0.128693575,0.10336762,0.143170037,0.143604929,0.16793981300000002,0.170041959,0.155302036,0.166235285,0.138943747,0.202072097,0.142860435,0.144513226,0.129296722,0.157185055,0.16953743300000002,0.168343639,0.11544160199999999,0.100190449,0.12566169800000002,0.156844034,0.138653837,0.110144075,0.145747631,0.149097789,0.181083918,0.18461352,0.163061859,0.15827568,0.142268062,0.202389522,0.157565493,0.163508971,0.152412557,0.164443195,0.17105324800000002,0.166665123,0.12874349599999999,0.110030019,0.13608909,0.15117984,0.134807177,0.10310481199999999,0.135717518,0.142596837,0.176939364,0.166795034,0.15650297800000001,0.160409794,0.140547545,0.194065989,0.166447506,0.17020765399999999,0.135278655,0.168536662,0.167567362,0.16617647800000002,0.120828583,0.09552881199999999,0.137722861,0.15494486400000002,0.151450836
3174,0.35108272,0.37923172200000005,0.39161720899999997,0.34061391,0.32965139,0.456829227,0.402469039,0.242849884,0.41386585299999995,0.340210122,0.35337993100000004,0.398310448,0.466531321,0.316979978,0.35381487100000003,0.48601703399999996,0.399737224,0.17531204,0.295242938,0.32332361600000004,0.125701227,0.183910591,0.174723255,0.19433327,0.20671260600000002,0.19393068600000002,0.18458877199999998,0.13077692400000002,0.219548601,0.191205018,0.194439627,0.183486557,0.189716773,0.19138791800000002,0.17604920000000002,0.146524608,0.130240938,0.148494867,0.160328411,0.150146628,0.146575191,0.209243106,0.194712205,0.206403375,0.21877469600000002,0.19196381399999998,0.223855611,0.14960574199999999,0.22108492,0.22862285699999998,0.225254333,0.203403627,0.193080237,0.19984401300000001,0.192182563,0.15107606199999998,0.127950376,0.165223158,0.15969523900000002,0.17971008800000002,0.13394002300000002,0.173906135,0.17680191399999998,0.18740917,0.21288873100000003,0.18179119600000002,0.18029711899999998,0.141360341,0.186614797,0.177563634,0.20048153100000002,0.16838003199999999,0.199343982,0.172105891,0.19470729399999998,0.136164261,0.126393273,0.172876175,0.15756021,0.14255333,0.138362704,0.170887176,0.181051372,0.18429826,0.21440414100000002,0.16954357,0.17638679399999999,0.156551012,0.22212468600000002,0.19101369,0.20712256,0.156461543,0.194815732,0.199586978,0.181893495,0.142570847,0.131290057,0.168009157,0.171841382,0.155970211,0.140517187,0.18450846199999998,0.20199672,0.209022278,0.21068773699999999,0.201679183,0.209618752,0.15090700599999998,0.21334650100000002,0.195415095,0.19896049,0.18990934,0.196579062,0.175829887,0.18907653600000002,0.162294499,0.138887636,0.160557372,0.18053855300000002,0.158994665,0.126300017,0.191781514,0.19043066399999997,0.201570711,0.22304381,0.19868442600000003,0.20432972600000002,0.15395615199999999,0.215747584,0.20640846399999999,0.21819934600000002,0.195494235,0.214216333,0.18215024100000002,0.20217086399999998,0.147086822,0.123218319,0.161732096,0.187685724,0.14654775,0.130805591,0.17823389899999997,0.187244565,0.212607238,0.20029641399999998,0.194430627,0.17161312899999998,0.151507278,0.212565215,0.18035157,0.19387299,0.165987061,0.200930315,0.192657412,0.199132239,0.15663482,0.135108654,0.16786609,0.17534038899999999,0.146981595,0.122505365,0.179923054,0.19152953,0.20137039,0.220984665,0.19768549800000002,0.20017904399999997,0.140099273,0.23995341899999997,0.173571571,0.190873028,0.19197188,0.20061209100000002,0.207291427,0.20021638600000002,0.145530676,0.128354252,0.17008593100000002,0.17722006699999998,0.15300952199999998,0.138703729,0.19915577899999998,0.19604449300000001,0.20570853600000003,0.220118707,0.21603999399999999,0.220719876,0.140585672,0.23195553,0.19169297100000002,0.21606336899999998,0.198661053,0.199264785,0.190369609,0.21167386,0.162363643,0.136162759,0.17222764399999999,0.178694383,0.15211924,0.134428868,0.20298454100000002,0.20371538100000003,0.215342859,0.205995635,0.196088874,0.21239076899999998,0.156317473,0.213775458,0.21727820899999997,0.227864669,0.189271303,0.195566817,0.20065979,0.230838827,0.158035105,0.136663874,0.164345369,0.174697803,0.178725203
367,0.47329579,0.396282134,0.34259612,0.331373585,0.259323262,0.529884037,0.418229048,0.41335014600000003,0.406818226,0.262048572,0.302545764,0.389996136,0.414471211,0.269026849,0.6395839010000001,0.566390331,0.46642769799999995,0.167116445,0.28774773,0.308972562,0.08386597700000001,0.134773908,0.10518421800000001,0.124719148,0.150124967,0.14434406800000002,0.129018419,0.135647194,0.157940435,0.112110074,0.135875606,0.118712068,0.14039226900000001,0.126152626,0.09137135,0.094487041,0.08848721300000001,0.13292487,0.121056915,0.10416440800000001,0.092159301,0.139476972,0.113340691,0.12802702400000002,0.162907355,0.145491183,0.14484766300000002,0.135886864,0.149195206,0.116661785,0.135661945,0.13250315599999998,0.135249082,0.12414980199999999,0.090460771,0.099017744,0.083207125,0.136988147,0.130143062,0.11572102199999999,0.09044021699999999,0.12070042,0.098916676,0.11115586,0.152851644,0.13329381199999998,0.123517178,0.105266445,0.146133572,0.10169295199999999,0.13132681,0.111149853,0.144138608,0.11844484300000001,0.08963430300000001,0.09088760800000001,0.087664681,0.13770954800000001,0.133855964,0.101890977,0.08773623800000001,0.13128513,0.09923498,0.116017064,0.155316216,0.14024708,0.128277207,0.14537330699999998,0.15536371699999998,0.100739615,0.12435541300000001,0.11182237199999999,0.144723243,0.120860728,0.101642135,0.087642334,0.084998035,0.13271792699999999,0.129835463,0.105408957,0.09287507099999999,0.12965258,0.114399015,0.131342127,0.158755356,0.135734475,0.138236104,0.14329992800000002,0.156554689,0.114562397,0.139973682,0.117648485,0.140018971,0.12208772400000001,0.098956096,0.098843993,0.087894804,0.137717615,0.133971227,0.110944975,0.09137597199999999,0.134208887,0.11319414400000001,0.129661574,0.155041976,0.14009625,0.130825848,0.11468466,0.15944225,0.113496302,0.136109011,0.12342265300000001,0.137025181,0.121376329,0.098895113,0.096686755,0.084375714,0.13623648,0.135395141,0.099871704,0.087486706,0.121460159,0.111773305,0.124446683,0.15838908,0.135577615,0.120297537,0.142680265,0.149068389,0.094444285,0.120178613,0.109985753,0.13912649400000002,0.126934858,0.098406885,0.09774937,0.086599671,0.130057012,0.13338768,0.098664931,0.086414534,0.127111154,0.108034512,0.120765079,0.161910505,0.134672869,0.131847407,0.13716858199999998,0.165529066,0.10542606300000001,0.11994066699999999,0.116217895,0.13298352,0.129160902,0.104471002,0.089280764,0.082854724,0.137108024,0.138616889,0.10456659199999999,0.088583971,0.134503379,0.10816487699999999,0.129648934,0.176576698,0.137868947,0.132106729,0.109686491,0.155633684,0.109424646,0.134915328,0.12329526199999999,0.150947995,0.124279631,0.107931339,0.097813079,0.084586791,0.145077287,0.142075754,0.105671164,0.085105536,0.129098809,0.109702254,0.134140203,0.151633619,0.132536549,0.130995565,0.13575767,0.151823735,0.115240546,0.141441192,0.110846486,0.146876599,0.123635631,0.108475869,0.097313099,0.085393438,0.140549492,0.13095452800000001,0.107939805
4306,0.460807085,0.368676522,0.382885827,0.322885152,0.292041011,0.501941301,0.386296701,0.324845599,0.4314673,0.282863237,0.300606649,0.376765016,0.41278124299999996,0.28137050199999997,0.56856945,0.605158538,0.545842919,0.18751368100000002,0.302010135,0.325860924,0.08586563,0.118456665,0.11295776,0.126006476,0.136045145,0.119688542,0.124941299,0.118990502,0.154655643,0.126038597,0.13170425800000002,0.11252016,0.14444684800000002,0.127382686,0.117605245,0.09462604,0.085574273,0.153035523,0.115869439,0.120116266,0.092340429,0.13038884,0.127180145,0.132198166,0.151465699,0.127118807,0.13849306,0.123711258,0.15898103,0.13772828199999998,0.13398231800000002,0.12481272800000001,0.141746685,0.135237284,0.11973515400000001,0.102198497,0.078556262,0.150978196,0.129122173,0.129065732,0.095121304,0.114734201,0.11112015199999999,0.117235658,0.149547508,0.111721865,0.1138161,0.12276913,0.154480612,0.11673495,0.12563517400000002,0.107023959,0.13995753,0.12768891699999999,0.123281598,0.093333595,0.082739964,0.14350665599999998,0.130686882,0.11178351199999999,0.089436356,0.12501984900000002,0.121678905,0.120761355,0.14855353699999999,0.12590421,0.11490241,0.126814012,0.15571211599999998,0.11629254300000001,0.126130659,0.105386701,0.135297805,0.129499915,0.116305361,0.093929869,0.08725917300000001,0.155378863,0.13491340400000001,0.111073327,0.09084162,0.123364501,0.13048263300000001,0.144670267,0.140868529,0.125629876,0.13375442099999998,0.123301985,0.15399544199999998,0.129266359,0.13695827900000002,0.122812769,0.144254035,0.130688634,0.12284164,0.098860225,0.086154198,0.148054662,0.123294813,0.119199802,0.083276303,0.128227651,0.11931598199999999,0.126877824,0.156765236,0.12347005300000001,0.12683514699999998,0.12962256800000002,0.156806422,0.130978009,0.13721481,0.119475921,0.148980752,0.12751478800000002,0.113932885,0.09608037400000001,0.079703413,0.14979026199999998,0.130343232,0.118162875,0.094255119,0.118234755,0.116141615,0.126214188,0.138754415,0.11541615699999999,0.11031543,0.123839294,0.159268846,0.11402550000000002,0.121084952,0.107368535,0.140136865,0.127043434,0.11741208800000001,0.101412949,0.086290655,0.143507604,0.125623924,0.110665982,0.08841143900000001,0.12161951,0.119790817,0.122254007,0.143825015,0.11756978,0.128940309,0.11406604699999999,0.167984785,0.11434966699999999,0.12173808400000001,0.115109503,0.134190668,0.13349392300000001,0.125465503,0.096251583,0.082091553,0.144052577,0.13248762,0.10829745199999999,0.090204542,0.12757854300000002,0.115932424,0.132931431,0.152970986,0.122347411,0.134073801,0.117204386,0.162210233,0.126284058,0.12728573699999998,0.12377889800000001,0.141001121,0.131305706,0.130301105,0.09738494,0.083888995,0.14772500800000002,0.13065542,0.11472449900000001,0.088538773,0.11784097699999999,0.115318844,0.137340068,0.152120027,0.119917461,0.127117441,0.118100985,0.153034373,0.13260903400000001,0.13649239800000001,0.11102917400000001,0.148563783,0.128047308,0.129351664,0.100892392,0.084380999,0.153333713,0.124684515,0.122970035
5241,0.47648543,0.420938727,0.312640177,0.301117609,0.286609897,0.522119937,0.39893726799999996,0.458036358,0.421857485,0.25097233399999996,0.279880223,0.378958855,0.378165952,0.258877387,0.660359205,0.55401846,0.462357294,0.198483336,0.291550849,0.300036627,0.08281129400000001,0.123200337,0.09004040099999999,0.10573484400000001,0.140292988,0.115275797,0.11613226,0.14049996,0.13233537199999998,0.098169092,0.106208546,0.11052950199999999,0.11435530699999999,0.104598135,0.072753354,0.087967925,0.081329039,0.14358835,0.095262924,0.092620829,0.089754711,0.13063513699999998,0.098124705,0.11108433699999999,0.14967981800000002,0.12249482199999999,0.126376524,0.14487319199999998,0.131514288,0.11306593599999999,0.117090006,0.11775923699999999,0.11114393300000001,0.107712639,0.076535085,0.093556766,0.074294685,0.142513306,0.102597784,0.100285007,0.084585005,0.106805384,0.08899827800000001,0.10150830300000001,0.145921253,0.109171224,0.10496899900000001,0.082911684,0.13578247400000001,0.09169538599999999,0.10760176,0.095193481,0.11337197800000001,0.103795144,0.079668889,0.08329389,0.075863496,0.147267554,0.101926324,0.087762369,0.08412350199999999,0.123591326,0.094045031,0.095874954,0.14938812699999998,0.115251676,0.11246746699999999,0.149549304,0.138567084,0.094761192,0.106853962,0.10514157699999999,0.114187224,0.10297063199999999,0.08728941900000001,0.084438654,0.078323497,0.143102057,0.10700439,0.09713714,0.08464376,0.120590112,0.105241815,0.11642127,0.157376072,0.11820553,0.120926923,0.14893525,0.141192612,0.107439326,0.11624226,0.11480343900000001,0.121532344,0.107186437,0.08105528,0.09500758599999999,0.077962951,0.150102855,0.10603801800000001,0.09739602900000001,0.081894233,0.117153459,0.101774876,0.115098985,0.156353842,0.111682145,0.111729475,0.083508798,0.139973804,0.107980975,0.118915505,0.11006776199999999,0.116055086,0.10524591400000001,0.082995129,0.09091589,0.06910385200000001,0.147248598,0.110062676,0.09355107900000001,0.08624381800000001,0.118770059,0.096836368,0.107759975,0.15865042099999999,0.114418743,0.10584713300000001,0.147086999,0.139583192,0.09182533,0.100814462,0.10286430199999999,0.112980156,0.108822158,0.08521864900000001,0.097051734,0.080658428,0.153425834,0.10615183800000001,0.085374374,0.08472823800000001,0.12048524599999999,0.097231924,0.105424695,0.153773401,0.112166896,0.12389202,0.142899424,0.14580814,0.096653937,0.099237857,0.10783523199999999,0.11320293599999999,0.118250163,0.092476209,0.08844479400000001,0.073233205,0.14393227,0.111542195,0.086814889,0.081958312,0.12344709599999999,0.097072831,0.114214219,0.160427029,0.119431118,0.121482264,0.076774594,0.141529652,0.100160945,0.108067935,0.11439148699999999,0.112456236,0.109470475,0.08910502699999999,0.09098681199999999,0.07937519900000001,0.147308901,0.108629405,0.09106091699999999,0.082576509,0.122361993,0.098593473,0.11648043300000001,0.15789758,0.11366069699999999,0.11525648599999999,0.146389698,0.14261836,0.108805606,0.120517736,0.105344723,0.12346222300000001,0.11459644699999999,0.096005924,0.09464235,0.076114337,0.143939721,0.10362355300000001,0.093887854
5465,0.367000813,0.37800051799999995,0.385834364,0.349003815,0.308009437,0.47622280200000006,0.38992977700000003,0.27551520399999996,0.42343523200000005,0.331714711,0.358285129,0.37451798299999994,0.45474551700000004,0.31938569,0.41720305700000004,0.510772557,0.39639903,0.18086729,0.32399490000000003,0.314949906,0.115138635,0.169324219,0.15469467,0.194103367,0.17853326,0.158771558,0.174394075,0.129101129,0.20715785899999997,0.171172858,0.173416375,0.157481441,0.19762847100000003,0.18429351,0.136631431,0.12471599300000001,0.125155347,0.143814146,0.17669146300000002,0.146646735,0.139707715,0.19751951399999998,0.179837448,0.191132986,0.21145055100000001,0.174404792,0.19702868399999998,0.136772315,0.213592802,0.207330879,0.205252025,0.181118892,0.18999114399999997,0.20254825399999998,0.14633231,0.144425248,0.125427492,0.151212375,0.179862865,0.174021481,0.12485506800000001,0.16299033,0.162138085,0.18372692,0.193163657,0.143127292,0.155366794,0.126628968,0.173488422,0.162649626,0.162770385,0.14403134,0.20809482899999998,0.168103382,0.13888340300000002,0.12040239800000001,0.12018996400000001,0.158205097,0.171694934,0.139048287,0.125417291,0.17291923,0.173470343,0.168678987,0.19375878600000002,0.14922249,0.16482849900000002,0.13650144,0.20527982399999997,0.171048583,0.187397008,0.139934539,0.20832169,0.18482886699999998,0.15189935599999999,0.131183493,0.124551088,0.162128093,0.188301678,0.147743394,0.132375607,0.172536296,0.187669814,0.199735639,0.19745663800000002,0.175692252,0.18081387,0.13146757,0.22553258699999998,0.200834911,0.191721791,0.17055147899999998,0.19390374300000002,0.17734128600000001,0.14593249,0.142216931,0.128553413,0.159183809,0.17468771,0.15695245,0.11939874,0.188445456,0.171976515,0.198831492,0.21094265199999998,0.16614235300000002,0.18331042,0.133258849,0.210975615,0.18271233,0.184806357,0.172779985,0.20016718,0.17397333399999998,0.151807248,0.134842429,0.114377779,0.161521823,0.182873938,0.141375345,0.12229992699999999,0.171924142,0.16688908800000002,0.18328179100000003,0.188694109,0.146860629,0.139234535,0.139942337,0.21817119100000001,0.15750473199999998,0.173984412,0.14856947199999998,0.191414206,0.18679516,0.147483582,0.134067064,0.12271158900000001,0.165556546,0.18006076899999998,0.141608071,0.123977498,0.196347088,0.17249930100000002,0.18371557800000002,0.189572065,0.17593244100000002,0.179104075,0.13516700199999998,0.223400739,0.173406168,0.17587005100000003,0.172414265,0.192024503,0.18939863899999998,0.157017102,0.13449236,0.12025650199999999,0.170578888,0.184116478,0.14876268,0.130011389,0.20043942,0.175219987,0.19339189699999998,0.21445930300000002,0.181543184,0.186101768,0.121910625,0.21070503,0.170442832,0.181652885,0.17613454,0.207574185,0.18594231600000002,0.156720484,0.136618107,0.12452679800000001,0.164805341,0.19259506199999998,0.141786579,0.127590445,0.16933826600000002,0.179374736,0.20215601,0.197866075,0.16205797800000002,0.18207785,0.14376029699999998,0.22415988,0.188320349,0.20151885,0.15726282,0.193885587,0.200760253,0.17833343899999998,0.141477608,0.126341161,0.16116838,0.193545949,0.152449908
5468,0.36727103200000005,0.36476477,0.384620765,0.354204057,0.333501073,0.466047384,0.386696626,0.29637414,0.432473836,0.322913648,0.355997083,0.361796382,0.463177048,0.326487721,0.43641219,0.529703057,0.412520259,0.191241465,0.338237392,0.31745016800000003,0.108102821,0.158920158,0.176259661,0.187051595,0.196830206,0.158819986,0.156804227,0.12593204800000002,0.194830621,0.176935282,0.18671529899999997,0.151017142,0.196441671,0.198959925,0.133529192,0.127189413,0.11501414900000001,0.15889460000000002,0.17375812100000002,0.146218779,0.124924812,0.179441751,0.190998494,0.193379965,0.229525676,0.18564741,0.193080698,0.137900515,0.20369944,0.19274186199999999,0.207069163,0.17843209,0.195525316,0.209310122,0.140938041,0.136033064,0.11077861300000001,0.15361302599999999,0.18144537600000002,0.16726544599999998,0.12141626800000001,0.15347979999999997,0.160329539,0.176453572,0.20642309399999997,0.15165259,0.152858394,0.12258119999999999,0.180656642,0.15522477199999998,0.17325121899999998,0.136392102,0.20467973,0.18232374899999998,0.129083773,0.119336438,0.11451561800000001,0.169101945,0.18093046399999999,0.137263125,0.12056706800000001,0.16273125900000002,0.170337598,0.162634121,0.20497490699999998,0.163798657,0.14288609900000002,0.124075515,0.207028737,0.16258583199999999,0.183523448,0.135296455,0.196822236,0.19113107,0.143792717,0.11869354800000001,0.117965165,0.163966587,0.180915842,0.150993729,0.12227122,0.162906515,0.183961128,0.20397161100000002,0.22390892,0.175237179,0.174041499,0.13054759300000002,0.219812239,0.18319549100000002,0.196931749,0.161390919,0.19512539,0.18444445199999998,0.13879036,0.133512278,0.11227588699999999,0.164159091,0.190552688,0.16464541,0.11471248099999999,0.173193971,0.163632744,0.19480478699999998,0.210894773,0.17571514600000002,0.165820956,0.12862294300000002,0.22432011,0.18436033,0.19338666300000001,0.165363171,0.200800537,0.20497279300000001,0.14165899099999998,0.13432323699999998,0.111146077,0.168892262,0.207648114,0.14495162,0.119115894,0.156592929,0.16921755300000002,0.176628605,0.21007225300000001,0.168631858,0.131216077,0.141032197,0.205564417,0.151354211,0.175938464,0.144479985,0.19868209899999997,0.190217694,0.14486648300000002,0.12492399800000001,0.11263298699999999,0.15759577800000002,0.185406348,0.139278502,0.11549445900000001,0.17179238,0.17549985199999998,0.17203696899999998,0.216748716,0.173278228,0.16786082300000002,0.130005498,0.230651511,0.16123368300000002,0.178742708,0.164412438,0.20084258600000002,0.20314912699999998,0.153922265,0.129342813,0.11280102800000001,0.171616272,0.191315106,0.150963551,0.117921081,0.180851202,0.180056191,0.192790403,0.22837490300000002,0.188227014,0.17515377199999999,0.11696712199999999,0.22222408800000001,0.171073483,0.19422172,0.166206314,0.21125352,0.203984246,0.14924389,0.132838389,0.11772417800000001,0.160126805,0.202323754,0.140476295,0.119588963,0.165119454,0.18451268,0.200945939,0.21237246,0.167921116,0.16850838,0.141998714,0.211652303,0.18792769,0.195416077,0.156934926,0.196492038,0.189340288,0.169285192,0.13290633699999999,0.11587184199999999,0.165167554,0.19556611899999998,0.15601545
5914,0.367304236,0.374846656,0.391319098,0.34351703,0.335002096,0.466676799,0.381279525,0.276227767,0.426984001,0.320796016,0.34986685799999995,0.373492845,0.455558033,0.311672782,0.403674425,0.51610452,0.407212743,0.175429644,0.29976604100000004,0.320763119,0.121823094,0.17792198399999998,0.16858079899999998,0.18422292899999998,0.198024855,0.17675786100000002,0.174793075,0.127210165,0.211884661,0.173391314,0.18061096199999999,0.167022952,0.20269931800000002,0.19351030800000002,0.156250721,0.13496191800000001,0.135911354,0.157446228,0.159114814,0.146556296,0.143279396,0.196846968,0.181502723,0.19199739,0.210631012,0.188151648,0.202008183,0.139986456,0.21527205800000002,0.202051125,0.201022477,0.189284061,0.18813782199999998,0.199446557,0.161344964,0.143923664,0.119120407,0.15863727,0.147438389,0.176973148,0.134521243,0.161203664,0.155232423,0.16668924699999998,0.209836992,0.163745488,0.154578351,0.13208235599999998,0.18410942,0.158006219,0.170463531,0.14940973,0.19518411300000002,0.182365296,0.175757395,0.123836595,0.12892157699999998,0.17312012899999998,0.163970554,0.127011693,0.13782463,0.17106228199999998,0.185425013,0.17313753399999998,0.212450632,0.164171213,0.164608812,0.142468061,0.208183598,0.173660454,0.186377755,0.141044904,0.18933211100000003,0.199471891,0.17100179,0.128891324,0.134372536,0.178013905,0.16636189099999998,0.141361721,0.135047896,0.17319008600000002,0.18393683100000002,0.200600324,0.202004645,0.18539592300000002,0.19977795,0.140977531,0.20399957600000002,0.193921898,0.18824881100000002,0.17913390899999998,0.200147931,0.18187990699999998,0.17138962800000002,0.153404301,0.127367993,0.17100980899999998,0.174137282,0.163197424,0.1203385,0.184877653,0.17294041300000002,0.18271158199999998,0.224133645,0.172470189,0.178664827,0.140763771,0.213181698,0.18127037199999999,0.185679882,0.18471459699999998,0.193014682,0.18008840399999998,0.163568553,0.141181251,0.11925437300000001,0.164559887,0.181975925,0.127711623,0.130216866,0.165732621,0.18243795699999998,0.18631987,0.214843162,0.162826261,0.15704564099999999,0.147095876,0.21282881399999998,0.166988239,0.176704965,0.156395073,0.19333684,0.201833176,0.166413266,0.145216768,0.125984175,0.165049719,0.164114234,0.137888953,0.129652781,0.186934608,0.17244504300000002,0.18627464300000002,0.214253702,0.174839765,0.18207137199999998,0.129537871,0.23848758399999997,0.181450631,0.17530094,0.170043926,0.187805413,0.20282144,0.172547934,0.135996273,0.11925703300000001,0.17272929899999998,0.175930538,0.151074039,0.132239036,0.190584814,0.18133078,0.201508689,0.225664783,0.200381488,0.19518787399999998,0.125397223,0.217838725,0.174323935,0.19700786899999997,0.192483643,0.20420781699999999,0.202669243,0.18560547300000002,0.150151838,0.138974125,0.16235819099999999,0.18256741399999998,0.140267386,0.129228644,0.18197506,0.17451060300000001,0.197117475,0.20143244,0.184563605,0.18642295399999997,0.139943345,0.21054499999999998,0.192905222,0.194452763,0.17329373399999998,0.196899353,0.196396378,0.195526306,0.14311475199999998,0.131225365,0.17590366,0.17597665399999998,0.155431486
5915,0.36827426799999996,0.375858036,0.395843051,0.34880080799999996,0.334013269,0.47041249399999996,0.372722328,0.281761054,0.424184615,0.323600471,0.338471904,0.37507629200000003,0.459274881,0.304328444,0.395260885,0.5097082510000001,0.403459731,0.178401523,0.31264957,0.31493573399999997,0.128799925,0.190562975,0.176759319,0.18864434800000002,0.211833417,0.17581037600000002,0.174398733,0.138235581,0.216524125,0.180108525,0.18286703699999998,0.16687759800000002,0.18640812699999998,0.186557573,0.16162174699999998,0.147180523,0.13090778,0.150437991,0.158937775,0.14296959,0.148030318,0.205102709,0.177424835,0.19748191899999998,0.213654487,0.18529549899999997,0.203987377,0.148160822,0.21696564699999998,0.219579192,0.20626663399999998,0.194529113,0.187537685,0.19558696,0.157647512,0.15216237300000002,0.11778093,0.161544599,0.164215419,0.171870873,0.13338060300000001,0.171206185,0.159253722,0.16850254899999997,0.21093127399999997,0.15882892699999998,0.161601357,0.139829874,0.189906355,0.160529373,0.16917233199999998,0.15680840699999998,0.18370872800000002,0.17394388600000002,0.160983695,0.12721352,0.125892678,0.162286934,0.161750703,0.13089521099999998,0.13964336900000002,0.18091823,0.18044451399999997,0.168953305,0.199527352,0.161546202,0.15684899800000002,0.14818537099999998,0.220169349,0.17214228199999998,0.179809866,0.148310791,0.18204002100000002,0.181877276,0.164790246,0.13286229,0.12444121400000001,0.155792634,0.16591879699999998,0.1469829,0.142992543,0.17799033399999997,0.193258617,0.197454171,0.212231787,0.194224263,0.198293377,0.14707472300000002,0.211532697,0.19718042600000002,0.186832434,0.181671287,0.188602422,0.17589802,0.17561058699999998,0.15528839,0.124334722,0.15923321,0.180841571,0.152211493,0.122844805,0.198261832,0.18697081899999998,0.189972122,0.21293786399999998,0.187360523,0.17666980699999998,0.149920681,0.215445093,0.193122446,0.19115746,0.18734583600000002,0.194001067,0.172640419,0.158575201,0.141472603,0.11573555699999999,0.15752834699999999,0.187168544,0.137931934,0.133570284,0.176120329,0.18851690399999999,0.182087384,0.20611839,0.17526673899999998,0.14601789,0.15235710000000002,0.221707417,0.17229066899999998,0.177663643,0.16309099900000001,0.188666962,0.194388676,0.17700871,0.150429406,0.133343333,0.169185392,0.165725433,0.138150996,0.135086594,0.194283003,0.185491829,0.181463617,0.20544350100000003,0.177380388,0.180364629,0.139582063,0.236627848,0.177084569,0.17658251,0.173575096,0.185805268,0.18985753100000002,0.181290647,0.13764768300000002,0.118497455,0.177860121,0.172417822,0.140807218,0.13829465400000002,0.199212503,0.183380606,0.199525807,0.227506942,0.19218880100000002,0.19649443600000002,0.13869815900000002,0.22063876699999999,0.18540183899999998,0.198167457,0.183016089,0.197349621,0.185026092,0.18457955,0.153233689,0.129051928,0.177256357,0.18839398300000001,0.144786506,0.134390154,0.195459656,0.198496471,0.19613843399999997,0.200409316,0.18071796899999998,0.18474944699999998,0.142289939,0.21219998199999998,0.197050781,0.200745018,0.167755179,0.19262342300000002,0.189523547,0.195456727,0.146934498,0.127202636,0.17088440800000002,0.185811158,0.155941838
5916,0.36386715399999997,0.365729278,0.39047782700000006,0.345880835,0.339421841,0.47015173299999996,0.38209598100000003,0.283708958,0.444634036,0.31455600300000003,0.34390824600000003,0.378963156,0.45753408799999995,0.312103814,0.402448983,0.5141366820000001,0.40505049600000004,0.18952944,0.314328447,0.313771475,0.12449282800000001,0.181804283,0.17545987600000001,0.190117813,0.21530587399999998,0.1824665,0.164500815,0.126959799,0.21421906899999998,0.17062992300000002,0.176895587,0.175526949,0.19945495800000002,0.196023869,0.15472213199999998,0.14593926599999998,0.13349492,0.15666907800000002,0.165497477,0.146949318,0.141660313,0.20266487100000002,0.191266747,0.211373774,0.214610821,0.18292882800000002,0.197890509,0.128619733,0.210543405,0.204994569,0.196705407,0.19925745,0.199847605,0.20770414199999998,0.157086624,0.15123241,0.11875911300000001,0.170121573,0.158597051,0.17192584600000002,0.130724082,0.171914591,0.169397933,0.187880292,0.21374908199999998,0.170182705,0.151373755,0.12970284699999998,0.185098609,0.15794571599999999,0.17435280600000003,0.158524196,0.198682668,0.17687184,0.164218068,0.131113557,0.12203771199999999,0.17420923800000002,0.166108168,0.128982919,0.13421592,0.182237528,0.189273095,0.183629719,0.19963275100000002,0.166369068,0.163413636,0.139240749,0.20927010699999998,0.16561308800000002,0.188461457,0.153077065,0.203914617,0.199891335,0.17099076300000002,0.131237985,0.122197962,0.172711542,0.18035615300000002,0.148106699,0.128130914,0.17314692199999998,0.202063507,0.211393986,0.218532053,0.19207912800000002,0.19137204300000002,0.136835879,0.211091003,0.19255534,0.183232285,0.19141524199999999,0.195199337,0.17965224300000002,0.164732923,0.161319459,0.12202445699999999,0.16596940400000001,0.17592001899999998,0.15950975,0.12011483099999999,0.18993247600000002,0.188713162,0.205881499,0.21381371,0.179261123,0.1743297,0.14636365199999998,0.20379467,0.182305772,0.18686244300000002,0.194066588,0.212629982,0.184646213,0.16881295100000002,0.144301142,0.120834673,0.172222525,0.18021806899999998,0.137898767,0.129360299,0.166232827,0.18919512600000002,0.196924785,0.213103457,0.17465538600000002,0.15314614099999999,0.145367436,0.215405669,0.162225658,0.17681888399999998,0.161133166,0.201222648,0.200772075,0.172144505,0.14662566,0.126980596,0.182061003,0.169053961,0.13938843,0.12245357300000001,0.18352713399999998,0.182231704,0.19032691699999998,0.21532869,0.18429473600000001,0.180669238,0.136051451,0.233958567,0.178196023,0.169615677,0.175412415,0.18883214,0.201415536,0.179864425,0.138877875,0.113297595,0.178050705,0.17617788199999998,0.146833321,0.125543229,0.198871623,0.19374244100000002,0.211023005,0.22526100000000002,0.19725435,0.187953331,0.123843875,0.208659182,0.17481655399999999,0.19299903899999998,0.19287702,0.206185862,0.20027331,0.18514563899999997,0.15623906099999998,0.134292149,0.190029165,0.194327429,0.144059866,0.132671961,0.195882922,0.187911021,0.217489015,0.198766605,0.18386736,0.186602808,0.135997085,0.209490657,0.19195306199999998,0.198784127,0.181772033,0.21363467,0.197232135,0.193731755,0.148621415,0.119741758,0.165557185,0.18275138100000002,0.157823289
6095,0.388574295,0.40900853200000004,0.407317651,0.368456099,0.351604698,0.48551397799999996,0.41190776,0.288534991,0.43618001799999995,0.340491891,0.37324575,0.396691843,0.48778422,0.333385517,0.430897715,0.50167737,0.410426954,0.21256607100000002,0.333201872,0.340115148,0.10551039300000001,0.16045642300000001,0.151495705,0.165532277,0.19280272,0.15548178,0.155143378,0.10965033800000001,0.200601812,0.14860253699999998,0.15973436900000001,0.15187315699999998,0.173709565,0.16264326,0.12702444599999999,0.121896975,0.10655548,0.150759081,0.132709047,0.133138322,0.116893963,0.181883283,0.161874115,0.183725303,0.216837425,0.157895234,0.16769365,0.120895295,0.18165670399999997,0.181260642,0.18501641100000002,0.17512844800000002,0.168418138,0.174257598,0.142188683,0.127393548,0.100424758,0.17560539100000003,0.146638132,0.15372107,0.11272961199999999,0.141733125,0.138175248,0.163141703,0.19258741,0.140547515,0.13570960699999998,0.120106825,0.165349059,0.142407956,0.161650982,0.130956161,0.168626776,0.15833926199999998,0.14651218300000002,0.115927911,0.10754246,0.16639257699999999,0.163546827,0.12808954,0.118596599,0.149941303,0.160129687,0.15141194800000002,0.198054955,0.141668419,0.133257717,0.122883646,0.18378752199999998,0.147995251,0.155459072,0.12949343300000002,0.173377105,0.16023953,0.15550238800000002,0.1101105,0.103899108,0.175611532,0.15009477,0.133302897,0.11085928199999999,0.161872784,0.16781115,0.18337026399999998,0.196674063,0.160301547,0.174134655,0.12110411199999999,0.19627724800000002,0.16831554399999998,0.16356136300000002,0.160703252,0.164069052,0.167072315,0.151649308,0.133043649,0.10954977,0.170830001,0.148743819,0.138380783,0.105127021,0.167612689,0.159066304,0.178375554,0.20775311899999999,0.149602431,0.16247077199999999,0.124994934,0.18779004100000002,0.162931772,0.176418611,0.160075229,0.16813240699999998,0.166578264,0.146887682,0.116305171,0.10217912,0.175014676,0.158402102,0.13310818800000002,0.108424964,0.156828952,0.153700187,0.164462062,0.20244138899999997,0.146466387,0.13298030800000002,0.121889525,0.188196892,0.136578953,0.15364334300000002,0.143891454,0.16708771,0.174994175,0.148771392,0.125312158,0.10449388,0.169973765,0.152597661,0.127887891,0.11169416300000001,0.16005540099999999,0.14877638699999998,0.153475599,0.203839126,0.145442289,0.157852091,0.12056748800000001,0.201370395,0.14344915,0.15530794,0.152684533,0.170269088,0.177416073,0.159913886,0.11700739999999998,0.100096005,0.156885355,0.167490581,0.117091344,0.10950109599999999,0.172961268,0.165603048,0.174728023,0.209612133,0.157584369,0.161281671,0.104314912,0.186882553,0.162047869,0.17195451899999997,0.15839948199999998,0.175336944,0.16887455399999998,0.166547696,0.121976754,0.109787494,0.158032557,0.154151402,0.124745695,0.107085625,0.160239005,0.155437197,0.17452946100000002,0.206979075,0.149840345,0.152647924,0.115573403,0.179129697,0.17481521600000002,0.17201931399999998,0.1419783,0.187343238,0.16978066100000003,0.167950195,0.122272323,0.106722143,0.166184955,0.15896206,0.145952119
6096,0.367873954,0.427360326,0.40015769700000003,0.36281776200000004,0.38654014600000003,0.49591771,0.42891136399999996,0.258817142,0.43404002700000005,0.352730758,0.38274029,0.417016756,0.491957181,0.335354883,0.379627174,0.47921134,0.39350584299999997,0.20333963800000002,0.327874231,0.341104422,0.114206937,0.175295282,0.150007515,0.159340992,0.22893060899999998,0.15967331099999998,0.165595144,0.121064807,0.195022234,0.16808864699999998,0.160164793,0.163296986,0.163047981,0.182896193,0.139780269,0.12195980199999999,0.110430605,0.17600709,0.156388468,0.14209775800000002,0.133849284,0.20550076899999997,0.169202658,0.17637748,0.231276206,0.167576527,0.18789518,0.129409315,0.201791202,0.202104175,0.19379411300000002,0.189649404,0.175498268,0.18919119,0.15529521400000001,0.130173956,0.10409048900000001,0.19068984,0.166182364,0.171093319,0.115979285,0.15282889,0.144920659,0.158789164,0.215016751,0.13762345199999998,0.150656922,0.119512131,0.16603775699999998,0.153432713,0.163665584,0.146905431,0.176800663,0.170100497,0.144488904,0.11727473,0.112571005,0.187519018,0.166083889,0.134538229,0.128910833,0.17074707100000003,0.159601754,0.154492936,0.24746661399999997,0.138946889,0.138568709,0.13308524800000002,0.19570860199999998,0.15836013,0.17124104199999998,0.143531887,0.176200793,0.17156528899999998,0.16253029300000002,0.11067788,0.11425827699999999,0.174165605,0.16036631099999998,0.15023019599999998,0.129216928,0.17840626399999998,0.175695221,0.184007892,0.233550753,0.16809222899999998,0.17621489999999998,0.126990724,0.206215641,0.189124199,0.179456582,0.17648631399999998,0.18628429100000002,0.16837871,0.165090213,0.132396666,0.117310311,0.169834462,0.173461497,0.15971449599999998,0.107816428,0.18559359600000003,0.160391476,0.181917735,0.24162536699999998,0.158527773,0.172072333,0.129481472,0.20258441800000002,0.179069423,0.18141222899999998,0.17322402,0.182929822,0.170988265,0.167714317,0.135008493,0.11318467800000001,0.176008035,0.164489708,0.141535889,0.11654567099999999,0.17380275899999997,0.155132796,0.172337414,0.248963815,0.156823797,0.150134694,0.12511048800000002,0.203940677,0.152823974,0.167834394,0.15892944,0.179774911,0.18487889899999999,0.160773044,0.132459969,0.113125876,0.17308811899999998,0.17590034100000002,0.140011847,0.11866651199999999,0.176939707,0.149832482,0.158961455,0.23564515600000002,0.157803416,0.163780003,0.125118164,0.20943009,0.163257891,0.165606526,0.169577925,0.19033001600000002,0.180979031,0.155620259,0.12895128,0.11266668199999999,0.194046356,0.177953471,0.136348751,0.12159165699999999,0.191470212,0.165181568,0.168040613,0.262401339,0.168131305,0.174117826,0.117584125,0.21638005,0.18341487199999998,0.176326343,0.17434261899999998,0.19287646600000002,0.176024693,0.17168616,0.125642432,0.12083901,0.19347319,0.182614835,0.14698806,0.124191136,0.178995304,0.161411114,0.178470291,0.238158482,0.158893478,0.175329963,0.12227399800000001,0.198250178,0.18892296,0.18849466899999998,0.16922763,0.19062974100000002,0.188164484,0.17007739,0.131760132,0.11400732400000001,0.170106385,0.173433255,0.16199481
6097,0.378182515,0.447580162,0.41152172,0.35896111299999994,0.396330714,0.488941956,0.42029969899999997,0.28370506100000004,0.434034565,0.34732726700000005,0.361659797,0.435629195,0.473231506,0.326723823,0.408198485,0.482097689,0.391967114,0.189176913,0.343320064,0.332417075,0.103360503,0.166409547,0.144136848,0.17325727800000001,0.21005098,0.163137306,0.145472971,0.120565407,0.201077995,0.155165628,0.159673531,0.16006765,0.163259362,0.168775781,0.13333331199999998,0.11834088699999999,0.11167615300000001,0.148812554,0.16282427800000002,0.13592569,0.121811386,0.191264653,0.16154285,0.177162011,0.24714501600000002,0.162316846,0.172081586,0.12602028699999998,0.18541990600000002,0.184542735,0.17322297,0.181919003,0.166504972,0.189193538,0.14499547,0.123751863,0.098350177,0.162152716,0.16450278,0.15298820800000001,0.115276962,0.149342999,0.137687898,0.164158194,0.220912042,0.14179091900000002,0.135763422,0.121897319,0.16794834399999997,0.148804522,0.152403949,0.14686448800000002,0.162591009,0.145477765,0.140683893,0.114033267,0.10032283300000001,0.168176844,0.15595842,0.125900481,0.11349113699999999,0.162553684,0.154295467,0.163824558,0.248658515,0.141407432,0.130359494,0.124901248,0.189215811,0.151605077,0.159046101,0.14412075400000002,0.176341794,0.163197675,0.149197759,0.120907375,0.10256922800000001,0.152515608,0.162549482,0.13641856300000002,0.112304556,0.171303609,0.174916333,0.181606742,0.240349227,0.151342723,0.160602625,0.12328544599999999,0.20654575100000003,0.17283303100000003,0.164520565,0.165340672,0.170904133,0.16634575699999998,0.156959032,0.13594847599999998,0.11312740800000001,0.163105124,0.167988008,0.139597547,0.104035031,0.175803792,0.159139652,0.180310954,0.24167767,0.157492591,0.159446825,0.128163332,0.183911629,0.164267451,0.15929178,0.167121449,0.168845087,0.166634907,0.154087055,0.124625234,0.10060532300000001,0.175339145,0.15985464900000002,0.126168951,0.107618415,0.157907559,0.15233899,0.17346608800000002,0.23368247,0.14978116800000002,0.131635365,0.12618332,0.19663518,0.151931754,0.158058789,0.15517802,0.177668451,0.178196307,0.155906133,0.131043567,0.108023044,0.17001111800000002,0.16484401,0.12697982300000002,0.110329396,0.17550172600000002,0.152334423,0.169995056,0.230158112,0.15649275699999998,0.15462646800000002,0.120956265,0.20026592199999999,0.157162645,0.154492378,0.159786311,0.175417016,0.17921517,0.15915117199999998,0.125816874,0.10547835300000001,0.168951873,0.177986919,0.133465476,0.11013537300000001,0.18289523,0.153959487,0.17805769600000002,0.246185391,0.17184073600000002,0.17196528,0.112582263,0.20907980199999998,0.162136005,0.161951689,0.16026446,0.16870092,0.17655079999999998,0.163117314,0.123641319,0.10716096800000001,0.16723331,0.17033472,0.13356964,0.11649972800000001,0.176177875,0.164658843,0.17911272600000003,0.23429807,0.149718901,0.15044491599999998,0.130404516,0.193899248,0.173905485,0.173874156,0.154674134,0.178776784,0.177508947,0.17422691399999998,0.136575527,0.106831812,0.16928759,0.17827825100000003,0.148652072
6256,0.36932025700000004,0.35823374,0.384784929,0.342312666,0.337955051,0.472448594,0.378320515,0.293163548,0.445948519,0.322483895,0.339554625,0.354219668,0.464340274,0.334707656,0.428844391,0.51535272,0.40260295700000004,0.20102356899999999,0.332774744,0.312822798,0.11443445099999999,0.166088798,0.160020905,0.187209061,0.216195732,0.18132425100000002,0.16061678699999998,0.133754332,0.21615871,0.17462385800000002,0.17287769100000003,0.164004236,0.19611434100000003,0.188156221,0.151127564,0.133894118,0.12355060000000001,0.16103116,0.16897593,0.13860102900000001,0.149676824,0.190884081,0.182551952,0.192147449,0.21332006,0.18473566,0.18996576399999998,0.139684279,0.227932895,0.205806895,0.19998794600000003,0.184845395,0.181146867,0.210066382,0.162978935,0.14466965699999998,0.1173437,0.193569295,0.18898304100000002,0.160684936,0.136093818,0.157870449,0.165471446,0.17278127100000001,0.216910402,0.16917163300000002,0.160435238,0.133471772,0.199873788,0.164654745,0.176512499,0.144613772,0.19859856399999998,0.181340417,0.153400057,0.12075868,0.11536117,0.17788677,0.191309342,0.133498631,0.133432306,0.161116696,0.17789034199999998,0.166016926,0.214838842,0.14648678099999998,0.15191089800000002,0.148824234,0.208601233,0.168898468,0.184864965,0.143742271,0.200072024,0.185069525,0.149911442,0.123188182,0.12283613800000001,0.184854632,0.199765186,0.141493653,0.133930532,0.166260206,0.17944941,0.19575926100000002,0.218276798,0.187737985,0.189243393,0.13504561199999998,0.214682495,0.185997222,0.18788717100000002,0.16913888800000001,0.20252502,0.18956371100000002,0.155809534,0.144357488,0.124534214,0.19275657100000002,0.193467925,0.150333633,0.11910237900000001,0.18232848100000001,0.170580989,0.18488661,0.22941162399999998,0.173044445,0.178011995,0.148044714,0.211925771,0.190443697,0.187610045,0.173663476,0.20505093800000002,0.188575033,0.14716223,0.131916431,0.11141377,0.18317604899999998,0.20593394899999998,0.137548477,0.129760799,0.16388520199999998,0.176179599,0.17609350899999998,0.214000868,0.163988507,0.152921221,0.152572921,0.21224256600000002,0.160548802,0.180814748,0.14871272800000002,0.202936953,0.188832413,0.16183729300000002,0.135499034,0.12473493,0.17662509699999998,0.17908766899999998,0.128773093,0.12710075699999998,0.169560897,0.16599544900000002,0.166530159,0.218543282,0.169278362,0.16985218100000002,0.131595325,0.235952639,0.174178726,0.17501546899999998,0.161618619,0.20461670699999998,0.19892696699999998,0.16968359100000002,0.130016944,0.109320239,0.18177879800000002,0.190089973,0.14626958199999998,0.134716704,0.17724983100000002,0.17433854,0.188468494,0.24142046399999997,0.183377762,0.18146302600000003,0.13030999599999998,0.223959658,0.182137333,0.19095780699999998,0.17526771300000002,0.207382697,0.193447117,0.163570359,0.139086709,0.13098387,0.181494603,0.20237083,0.13458261800000001,0.133090926,0.177340518,0.17427619600000002,0.191956478,0.21377011,0.17116622,0.175896563,0.138967322,0.2296147,0.197453112,0.203951152,0.165499109,0.204321,0.19315117899999998,0.176169756,0.142229458,0.12152726800000001,0.19648737600000002,0.19588967300000001,0.154637842
6257,0.405139298,0.35646044200000004,0.35317085600000003,0.327503472,0.33311226,0.490546769,0.35805955100000003,0.303402601,0.467571533,0.306124024,0.316257994,0.34932668299999997,0.459894355,0.318040682,0.5040564129999999,0.5346821279999999,0.435913941,0.204029349,0.354688765,0.312351322,0.11206187199999999,0.16161888300000002,0.146143729,0.164740349,0.203553939,0.17514067,0.145138626,0.128471076,0.185819965,0.149710191,0.156554122,0.14943961,0.166513097,0.167118792,0.12401519800000001,0.12463917199999999,0.103096122,0.171692913,0.154945934,0.131882627,0.127417737,0.176670355,0.154683254,0.170710723,0.19805094399999998,0.183361274,0.167035372,0.13212480199999999,0.19401809600000003,0.17271194899999998,0.173502252,0.15826749699999998,0.157226221,0.171111767,0.13237233,0.129914396,0.108849145,0.193101525,0.15998457900000002,0.143095971,0.11783930699999999,0.15166414,0.13618200800000002,0.160382125,0.19723998899999998,0.155862321,0.136575642,0.126207088,0.182989254,0.13801348,0.15088310300000002,0.129295837,0.16796663,0.166134694,0.12929548,0.110868132,0.10642248800000001,0.165703716,0.160222164,0.124395249,0.120961772,0.155843338,0.146948899,0.152119926,0.195720585,0.1481699,0.136222964,0.134854594,0.19521505,0.146955425,0.166517879,0.126189124,0.157316406,0.16767959699999999,0.130784483,0.113088014,0.114242964,0.18023830300000002,0.16266303099999999,0.131215738,0.124056926,0.157474701,0.160460568,0.169858765,0.203370485,0.179605668,0.160457954,0.133839484,0.19539320300000002,0.165209463,0.163236357,0.155424861,0.17223192899999998,0.158101654,0.129541157,0.127515298,0.10725403300000001,0.179053845,0.161890612,0.143902436,0.10750495199999999,0.167263521,0.142712524,0.16865344300000001,0.207061346,0.170476939,0.153311234,0.13915545199999999,0.19048028399999997,0.152217704,0.163935133,0.14470353,0.163354454,0.162818831,0.123984441,0.11789093,0.0938785,0.17087411100000002,0.168830867,0.11683901599999999,0.123900385,0.152926431,0.15113234,0.164912237,0.20637287199999998,0.164939915,0.13501226300000002,0.143510637,0.189359114,0.14217727,0.160367507,0.130195247,0.17795042,0.171118907,0.129322079,0.12185079800000001,0.10392204099999999,0.164512719,0.148056956,0.118626349,0.111579228,0.16756796,0.14598091800000002,0.148368194,0.19882116,0.163284949,0.150051105,0.131495698,0.195970053,0.151899211,0.149735108,0.14697254099999998,0.16868883899999998,0.17015367399999998,0.137647618,0.118736422,0.104832856,0.17384119899999997,0.161978521,0.136503685,0.120185091,0.171027337,0.141402904,0.173568012,0.215653287,0.171756472,0.163802739,0.129117609,0.205676181,0.158659171,0.17010456699999998,0.152499004,0.183566895,0.17094690199999998,0.13391641599999998,0.130649244,0.111252407,0.19127081,0.163030959,0.125443571,0.120122089,0.17015803,0.147522444,0.167130502,0.204235008,0.16611302,0.152829452,0.127955031,0.19495083800000002,0.165992684,0.17114743300000002,0.135400805,0.17160498,0.16707437,0.150825309,0.129388244,0.11289065300000001,0.1847165,0.166513352,0.142933655
6258,0.37296210700000004,0.348802014,0.37273279299999995,0.327087558,0.336582655,0.46587637200000004,0.35649722799999994,0.288575562,0.450061043,0.314526223,0.337232332,0.34946973299999995,0.457866951,0.338296011,0.435967595,0.520911169,0.411709748,0.18030945899999998,0.35167198899999996,0.306318269,0.11774859,0.166683773,0.171183836,0.186393318,0.21136794899999997,0.19426916800000002,0.177703368,0.13618373,0.208035214,0.17445485100000002,0.180311673,0.164047094,0.200175816,0.19470729399999998,0.132820527,0.13311536699999998,0.123025816,0.159672218,0.16944609300000002,0.1426488,0.144334993,0.177155392,0.190064628,0.18542546199999999,0.215927232,0.198741,0.18541604399999997,0.145427458,0.20540632,0.198571677,0.203525782,0.17306415100000003,0.18448364399999997,0.188052738,0.145349469,0.140066746,0.119348559,0.18765512899999998,0.176430712,0.161039247,0.128679029,0.155621487,0.167767601,0.16965645899999998,0.21291776399999998,0.175019652,0.16385555599999999,0.127498579,0.19387461,0.15949994,0.189641388,0.14250843,0.19787685300000002,0.184129292,0.145534546,0.121259575,0.120217916,0.175528145,0.177983582,0.13891004199999998,0.13448242400000002,0.15740385,0.17299160800000002,0.169265219,0.210244702,0.161730989,0.151303841,0.135961307,0.21529537,0.166724863,0.18591094,0.138521655,0.195411566,0.188214145,0.15440765,0.122608096,0.12654084599999998,0.17387640399999998,0.190687925,0.146520497,0.13375623,0.154435395,0.18917505399999998,0.190449283,0.208269117,0.19146699600000003,0.18550781100000002,0.138664924,0.207922162,0.184243123,0.19479655899999998,0.159963349,0.200049804,0.189783833,0.155942277,0.14237189,0.126008275,0.166105574,0.196433429,0.15504612199999998,0.122217125,0.17189625,0.169487599,0.18183525399999997,0.22414448,0.19146081199999998,0.165088041,0.13635888599999998,0.222343183,0.183778291,0.200122363,0.16534151800000002,0.190842725,0.184555306,0.14017558800000002,0.131043769,0.113608859,0.168926035,0.184228215,0.135184665,0.127784964,0.15531587800000002,0.175532689,0.17425299100000002,0.201634724,0.177907587,0.15493631900000002,0.144971616,0.21390027399999997,0.166844298,0.18636439300000002,0.144242648,0.20219774899999998,0.19478908,0.157216565,0.135854988,0.128298444,0.166971384,0.17284354600000001,0.136844974,0.129477001,0.167372174,0.169078987,0.167777025,0.21002841600000002,0.175874053,0.171896742,0.127333726,0.22397249600000002,0.170309877,0.173001428,0.15947302300000002,0.19524990899999997,0.19382527100000002,0.159336277,0.123134251,0.122381361,0.18261327100000002,0.191761376,0.144938456,0.131451724,0.183631298,0.17360251,0.18537150600000002,0.219271873,0.19781262800000002,0.19124110800000002,0.131643278,0.23184133,0.17757469,0.20393332100000003,0.172377306,0.211463121,0.196150827,0.16055802800000002,0.139365303,0.12997629,0.17788315100000002,0.20262374,0.140324829,0.131481243,0.163543579,0.182964173,0.193234215,0.216224373,0.17578962399999998,0.175499728,0.13551600800000002,0.21497976300000002,0.18038786699999998,0.20561186,0.15663338699999999,0.197171701,0.194236677,0.17418536199999998,0.136862435,0.117931135,0.160758237,0.20254016600000002,0.15436776900000002
7421,0.36324897799999994,0.41522569299999995,0.40260786600000004,0.36811722,0.360250945,0.459113857,0.41828171,0.272486081,0.401642715,0.35063179299999997,0.379825531,0.417826318,0.474238472,0.331390736,0.366206019,0.47829914,0.393030404,0.189486963,0.315801924,0.34708693,0.110127985,0.181975308,0.164434128,0.186143532,0.194623429,0.164022417,0.17137757399999998,0.12532955099999998,0.19327407600000002,0.17188614,0.174896997,0.174310937,0.175929477,0.17893987,0.14569600300000002,0.138647822,0.11537615300000001,0.136981046,0.153423167,0.143207907,0.131349667,0.20747467600000002,0.173393071,0.18607189100000002,0.22775557100000002,0.17744301399999998,0.201174286,0.127759441,0.186494035,0.199200866,0.19671248800000002,0.189583599,0.161201523,0.191256665,0.141911545,0.143716686,0.10333103,0.15801373400000002,0.148211457,0.16245317199999998,0.119882302,0.164948154,0.145646978,0.17042032399999998,0.198867104,0.143279015,0.155661881,0.125753981,0.169610593,0.166122971,0.176331927,0.15388146,0.17646010399999998,0.17045808199999998,0.155637988,0.127839832,0.120424733,0.157768899,0.147908498,0.137326595,0.121757227,0.17866735600000003,0.17658345,0.176239006,0.20140643800000002,0.151295306,0.156135311,0.136270185,0.18943189800000002,0.16967326300000002,0.183455445,0.144059846,0.182818974,0.177015261,0.153230452,0.13018189900000002,0.115754143,0.152660284,0.14926801,0.143004648,0.119734565,0.18628107800000002,0.181189175,0.201978178,0.204117717,0.170860304,0.19105455100000002,0.13110494,0.190087948,0.188008785,0.18862687600000003,0.173891403,0.181521865,0.182314632,0.15095591,0.149475505,0.119607285,0.15485597,0.15966322800000002,0.146425212,0.11309588,0.185315258,0.172123599,0.193121564,0.213405604,0.15865368,0.18040003300000002,0.139596862,0.202646855,0.182638085,0.192214615,0.178731745,0.178311844,0.182271507,0.153520883,0.149300916,0.116207708,0.153191458,0.18594698899999998,0.14342012199999998,0.121845077,0.162776163,0.17098317899999999,0.18345175600000002,0.198738396,0.153478409,0.156509924,0.143324026,0.18724899,0.160375038,0.160170853,0.16174154599999999,0.18201676600000002,0.176063937,0.160443991,0.148782737,0.120860947,0.159279759,0.1518533,0.139334844,0.11534914800000001,0.187499972,0.163796477,0.182875129,0.198880274,0.16648861,0.189496169,0.130120431,0.209676561,0.160023213,0.171451198,0.17602404300000002,0.174250509,0.189104778,0.156212806,0.136566974,0.10791949699999999,0.158021221,0.17419560399999998,0.137745611,0.11656526099999999,0.212853607,0.185745025,0.198933312,0.234588309,0.18013868100000002,0.18774008,0.120343622,0.19894778,0.181943453,0.191783235,0.183266486,0.18520065100000002,0.18539534800000002,0.16851067100000003,0.142372277,0.114326157,0.156737192,0.172322445,0.14214739199999998,0.118851481,0.190608793,0.17953155899999998,0.188866678,0.20989892100000002,0.154849075,0.18028124399999998,0.135348987,0.19133663399999998,0.190164014,0.201905077,0.178477403,0.189809645,0.19616147,0.178791552,0.144859293,0.112049385,0.148538174,0.165459088,0.154497722
8856,0.366267574,0.41412178899999996,0.41141285200000005,0.37716973200000004,0.358032271,0.45913866600000003,0.42138141,0.270855096,0.409515289,0.348247411,0.38194710299999995,0.410432032,0.48417769200000005,0.337215686,0.374434314,0.48274569700000003,0.39872038,0.187709619,0.319541115,0.327715139,0.10389162199999999,0.18120514399999998,0.159071,0.175243074,0.207348676,0.155738934,0.15681065,0.11932097400000001,0.192378119,0.17367609,0.174721013,0.153888311,0.17825755399999998,0.17070991600000002,0.11630098,0.12112858900000001,0.11103250199999999,0.12947963699999998,0.155604569,0.127067774,0.11839355300000001,0.190673178,0.175158605,0.188849491,0.213850817,0.176146222,0.194997693,0.129061839,0.188245523,0.199573561,0.192689245,0.17658420800000002,0.17248624899999998,0.187125223,0.140338675,0.130000744,0.105235236,0.148497182,0.150950331,0.152136683,0.115606896,0.16666303,0.15694146,0.16875814600000003,0.213237083,0.149666715,0.152596966,0.12686704,0.16666170000000002,0.153773979,0.16491186900000002,0.147690384,0.175339458,0.170623115,0.135877564,0.116262288,0.104803047,0.14699679400000001,0.158677215,0.124610724,0.116286222,0.17284823,0.165015955,0.159562974,0.20676984,0.143115708,0.146335371,0.13265217099999999,0.191756377,0.163594989,0.17191046699999998,0.134234635,0.17424114300000001,0.17923354800000002,0.14693453199999998,0.117963209,0.110015429,0.144085334,0.152338342,0.137493574,0.11821936400000001,0.16259005,0.189637133,0.190576487,0.21905153300000002,0.16202635,0.173635084,0.13399516,0.195722724,0.18799866399999998,0.180441568,0.156860726,0.18380727300000002,0.179889401,0.149473372,0.145006519,0.11615320300000001,0.147608414,0.174332426,0.14549279199999998,0.11142716300000001,0.18846205,0.179661185,0.188254964,0.218683123,0.165014235,0.16991119300000002,0.144158031,0.185863661,0.173993013,0.178444923,0.170062377,0.188293228,0.16915948100000003,0.14863074,0.13610150599999998,0.101533581,0.14532591,0.16947692399999997,0.123395886,0.108436987,0.158997967,0.167230655,0.18695246100000001,0.201087386,0.146079757,0.146585921,0.150676752,0.19697800899999998,0.159544938,0.166976769,0.14364721800000002,0.17566656600000002,0.17344896399999998,0.14413578800000001,0.139771444,0.11151284199999999,0.13769015099999998,0.164524064,0.12899479,0.11374402,0.178592401,0.162078645,0.163238956,0.213151388,0.156396288,0.16836235800000002,0.13539116,0.20584533600000002,0.16394694199999998,0.166975236,0.161346894,0.18042108199999998,0.183701638,0.154391575,0.128896222,0.10675195400000001,0.15740179599999998,0.169288778,0.132410525,0.110096101,0.187921079,0.166477074,0.179631508,0.24294575899999998,0.166379375,0.18351205199999998,0.124566286,0.197795067,0.174851516,0.178099985,0.160819235,0.185478957,0.181431094,0.154970966,0.127127558,0.10985138800000001,0.155267324,0.16462648,0.135961924,0.122917447,0.180985124,0.174852531,0.19737882699999998,0.21582341300000002,0.164273472,0.177075375,0.140945992,0.20872354399999998,0.19237703899999997,0.19490139199999998,0.156441826,0.17638452,0.20136950399999998,0.170682185,0.135665162,0.111627139,0.153609845,0.17001288,0.148876921
9970,0.34414089200000003,0.403606036,0.403852163,0.351544191,0.36481675700000005,0.445268409,0.38960026600000003,0.22619539999999996,0.404140396,0.355643352,0.36590023899999996,0.41662229,0.478629485,0.33795882200000005,0.315927858,0.447429759,0.36976665,0.19524113,0.307997189,0.329915033,0.12735508,0.202063663,0.167122062,0.19717327899999998,0.211105113,0.183664765,0.189034562,0.123830909,0.216113324,0.197606476,0.196737388,0.185171268,0.19590977399999998,0.19376616600000002,0.140696236,0.158463451,0.11963785800000001,0.164487042,0.165016311,0.15441549699999998,0.16071791,0.22230732399999997,0.195746256,0.21892509300000002,0.228704684,0.193002095,0.219144211,0.135251813,0.228018236,0.230710777,0.204897594,0.222187694,0.19351405100000002,0.211860358,0.15152975800000001,0.170243996,0.108795222,0.180462285,0.167929086,0.185454265,0.141425471,0.181544313,0.164339165,0.191697318,0.222879005,0.16361367699999999,0.17158772,0.122597669,0.174418565,0.17320422,0.180288349,0.17071850100000002,0.204917042,0.177294153,0.156452447,0.13611785699999998,0.117824564,0.184583647,0.170705341,0.143932111,0.13952609400000002,0.191733486,0.197072062,0.188184068,0.230733418,0.164059402,0.166610265,0.136354839,0.212538203,0.19904842399999997,0.20474699899999999,0.16933440600000002,0.20070864,0.18843725100000003,0.16853723199999998,0.139821551,0.10509276199999999,0.17639877699999998,0.17272216199999998,0.165319092,0.147235569,0.186790122,0.211248396,0.229331927,0.237127676,0.18754254199999998,0.2163466,0.127056179,0.223287752,0.22769932699999998,0.21063096,0.20216823899999997,0.201408206,0.192982715,0.170062465,0.176950138,0.122035462,0.166645101,0.18843252100000002,0.18336160899999998,0.140092117,0.213327527,0.191688964,0.21564817600000002,0.250430496,0.188914843,0.198953963,0.137279953,0.212791829,0.20678674800000002,0.194633535,0.22250025699999998,0.19300697100000003,0.18832007399999998,0.177330711,0.160441364,0.105448986,0.186511165,0.198470863,0.148176594,0.13917796300000002,0.188556367,0.194284583,0.209650745,0.217960588,0.169333567,0.171583734,0.14657765,0.212152443,0.169364906,0.174669267,0.184777104,0.18911205600000003,0.193813436,0.169934905,0.158383764,0.117734859,0.18084818800000002,0.176810135,0.14386185,0.14211723699999998,0.201985855,0.191465849,0.20133135300000002,0.228418925,0.18909305699999998,0.19655027600000002,0.133834061,0.24014614399999998,0.199827965,0.196710203,0.20285995,0.18643267800000002,0.21086726600000003,0.1834009,0.16256345,0.114706374,0.19431683,0.18566479,0.16461305199999998,0.136747909,0.220518457,0.19357814199999998,0.22125216399999997,0.23436970199999999,0.205328985,0.214037897,0.10997053400000001,0.229394017,0.20320622,0.20046932,0.22037699600000002,0.20965522399999997,0.200524957,0.181899485,0.166143559,0.12046008400000001,0.188356727,0.189545209,0.165257406,0.14238589699999998,0.202238577,0.19561450800000002,0.21992360100000002,0.224388719,0.17831167,0.20097405699999998,0.13246445699999998,0.228549185,0.209002414,0.210064692,0.19968789399999998,0.21154515399999999,0.208295005,0.189354059,0.160282642,0.113904015,0.168844865,0.18839109199999998,0.172346358
9971,0.35659875,0.353836615,0.383289283,0.338962321,0.318492602,0.46733947,0.38786302899999997,0.287233798,0.436295094,0.32342645600000003,0.352917256,0.35793695,0.471398131,0.327049003,0.43932909200000003,0.522411168,0.411111305,0.19132421,0.333712418,0.317020462,0.114560964,0.165124943,0.16063633800000002,0.180032367,0.19265071,0.184090007,0.163683338,0.12835085300000001,0.218861627,0.161790024,0.178267012,0.154690801,0.185934815,0.186816218,0.12630007699999998,0.119445615,0.11471548599999999,0.163628074,0.157283809,0.14618821,0.13600388800000002,0.18242382899999998,0.18240626899999998,0.18831431899999998,0.216985318,0.184300999,0.18368778300000002,0.141132103,0.22643858,0.186517443,0.177624552,0.176570018,0.169675348,0.205962415,0.133845285,0.127276212,0.108005011,0.176584203,0.176333534,0.16325036,0.12147882800000001,0.15438312699999998,0.15221089999999998,0.162828915,0.19665468600000002,0.163117296,0.142900686,0.128863242,0.186782585,0.145294888,0.16542009900000001,0.135444482,0.186701594,0.175908518,0.13139574,0.11384888300000001,0.11506450300000001,0.180437885,0.174030467,0.128705744,0.121732176,0.165420511,0.163370068,0.158892206,0.18879628399999998,0.157617891,0.150077567,0.142062906,0.21194811100000002,0.162313382,0.17500860899999998,0.140088402,0.18772979399999998,0.18321259899999998,0.142719097,0.120827036,0.110792301,0.182848486,0.16851660699999998,0.144279538,0.124691303,0.158886651,0.174517626,0.18653907,0.20040288399999998,0.191147409,0.175323603,0.13647152699999998,0.22050538,0.17352728,0.179634066,0.152285707,0.188856152,0.175644603,0.140086718,0.132599464,0.11768410000000001,0.17963463300000002,0.180157724,0.152233239,0.117182047,0.18097743300000002,0.176955191,0.184249406,0.226558733,0.175882182,0.164151755,0.143620728,0.21872283,0.17329671300000002,0.18530566,0.166481888,0.195344866,0.173479606,0.14811648,0.122135416,0.10388737099999999,0.172454217,0.18117652899999998,0.142367678,0.121480368,0.157701994,0.163390098,0.177377007,0.20067051,0.169358201,0.147681273,0.147130374,0.229680477,0.15466341,0.170834092,0.140511647,0.192813171,0.18248304399999998,0.147394799,0.134925981,0.122316017,0.185798495,0.169248685,0.132754598,0.120628631,0.166169571,0.161712606,0.171676158,0.19943561899999998,0.177707248,0.170074123,0.13809372,0.24389276,0.164623829,0.174206315,0.151782787,0.19021945899999998,0.200970433,0.160351039,0.131124729,0.116578834,0.18063342300000002,0.171229415,0.144342188,0.118045817,0.186351493,0.16893070699999999,0.182232347,0.20993418,0.184583043,0.18718213600000003,0.122559905,0.229114437,0.16394474,0.178611508,0.170321074,0.188814512,0.194614918,0.159342561,0.134966038,0.12396681,0.17541252300000001,0.18292039899999998,0.139412845,0.11821433699999999,0.17066879899999998,0.164584824,0.193139218,0.185971076,0.16365803199999998,0.165672296,0.144010312,0.22595988,0.18573489999999998,0.18744418399999999,0.148626112,0.18435011399999998,0.197685385,0.160574577,0.129022724,0.117477351,0.166514766,0.18538983899999997,0.16134581
